username,password
test_user1,123456789
test_user2,123456789
test_user3,123456789
test_user4,123456789
test_user5,123456789
test_user6,123456789
test_user7,123456789
test_user8,123456789
test_user9,123456789
test_user10,123456789
test_user11,123456789
test_user12,123456789
test_user13,123456789
test_user14,123456789
test_user15,123456789
test_user16,123456789
test_user17,123456789
test_user18,123456789
test_user19,123456789
test_user20,123456789
test_user21,123456789
test_user22,123456789
test_user23,123456789
test_user24,123456789
test_user25,123456789
test_user26,123456789
test_user27,123456789
test_user28,123456789
test_user29,123456789
test_user30,123456789
test_user31,123456789
test_user32,123456789
test_user33,123456789
test_user34,123456789
test_user35,123456789
test_user36,123456789
test_user37,123456789
test_user38,123456789
test_user39,123456789
test_user40,123456789
test_user41,123456789
test_user42,123456789
test_user43,123456789
test_user44,123456789
test_user45,123456789
test_user46,123456789
test_user47,123456789
test_user48,123456789
test_user49,123456789
test_user50,123456789
test_user51,123456789
test_user52,123456789
test_user53,123456789
test_user54,123456789
test_user55,123456789
test_user56,123456789
test_user57,123456789
test_user58,123456789
test_user59,123456789
test_user60,123456789
test_user61,123456789
test_user62,123456789
test_user63,123456789
test_user64,123456789
test_user65,123456789
test_user66,123456789
test_user67,123456789
test_user68,123456789
test_user69,123456789
test_user70,123456789
test_user71,123456789
test_user72,123456789
test_user73,123456789
test_user74,123456789
test_user75,123456789
test_user76,123456789
test_user77,123456789
test_user78,123456789
test_user79,123456789
test_user80,123456789
test_user81,123456789
test_user82,123456789
test_user83,123456789
test_user84,123456789
test_user85,123456789
test_user86,123456789
test_user87,123456789
test_user88,123456789
test_user89,123456789
test_user90,123456789
test_user91,123456789
test_user92,123456789
test_user93,123456789
test_user94,123456789
test_user95,123456789
test_user96,123456789
test_user97,123456789
test_user98,123456789
test_user99,123456789
test_user100,123456789
test_user101,123456789
test_user102,123456789
test_user103,123456789
test_user104,123456789
test_user105,123456789
test_user106,123456789
test_user107,123456789
test_user108,123456789
test_user109,123456789
test_user110,123456789
test_user111,123456789
test_user112,123456789
test_user113,123456789
test_user114,123456789
test_user115,123456789
test_user116,123456789
test_user117,123456789
test_user118,123456789
test_user119,123456789
test_user120,123456789
test_user121,123456789
test_user122,123456789
test_user123,123456789
test_user124,123456789
test_user125,123456789
test_user126,123456789
test_user127,123456789
test_user128,123456789
test_user129,123456789
test_user130,123456789
test_user131,123456789
test_user132,123456789
test_user133,123456789
test_user134,123456789
test_user135,123456789
test_user136,123456789
test_user137,123456789
test_user138,123456789
test_user139,123456789
test_user140,123456789
test_user141,123456789
test_user142,123456789
test_user143,123456789
test_user144,123456789
test_user145,123456789
test_user146,123456789
test_user147,123456789
test_user148,123456789
test_user149,123456789
test_user150,123456789
test_user151,123456789
test_user152,123456789
test_user153,123456789
test_user154,123456789
test_user155,123456789
test_user156,123456789
test_user157,123456789
test_user158,123456789
test_user159,123456789
test_user160,123456789
test_user161,123456789
test_user162,123456789
test_user163,123456789
test_user164,123456789
test_user165,123456789
test_user166,123456789
test_user167,123456789
test_user168,123456789
test_user169,123456789
test_user170,123456789
test_user171,123456789
test_user172,123456789
test_user173,123456789
test_user174,123456789
test_user175,123456789
test_user176,123456789
test_user177,123456789
test_user178,123456789
test_user179,123456789
test_user180,123456789
test_user181,123456789
test_user182,123456789
test_user183,123456789
test_user184,123456789
test_user185,123456789
test_user186,123456789
test_user187,123456789
test_user188,123456789
test_user189,123456789
test_user190,123456789
test_user191,123456789
test_user192,123456789
test_user193,123456789
test_user194,123456789
test_user195,123456789
test_user196,123456789
test_user197,123456789
test_user198,123456789
test_user199,123456789
test_user200,123456789
test_user201,123456789
test_user202,123456789
test_user203,123456789
test_user204,123456789
test_user205,123456789
test_user206,123456789
test_user207,123456789
test_user208,123456789
test_user209,123456789
test_user210,123456789
test_user211,123456789
test_user212,123456789
test_user213,123456789
test_user214,123456789
test_user215,123456789
test_user216,123456789
test_user217,123456789
test_user218,123456789
test_user219,123456789
test_user220,123456789
test_user221,123456789
test_user222,123456789
test_user223,123456789
test_user224,123456789
test_user225,123456789
test_user226,123456789
test_user227,123456789
test_user228,123456789
test_user229,123456789
test_user230,123456789
test_user231,123456789
test_user232,123456789
test_user233,123456789
test_user234,123456789
test_user235,123456789
test_user236,123456789
test_user237,123456789
test_user238,123456789
test_user239,123456789
test_user240,123456789
test_user241,123456789
test_user242,123456789
test_user243,123456789
test_user244,123456789
test_user245,123456789
test_user246,123456789
test_user247,123456789
test_user248,123456789
test_user249,123456789
test_user250,123456789
test_user251,123456789
test_user252,123456789
test_user253,123456789
test_user254,123456789
test_user255,123456789
test_user256,123456789
test_user257,123456789
test_user258,123456789
test_user259,123456789
test_user260,123456789
test_user261,123456789
test_user262,123456789
test_user263,123456789
test_user264,123456789
test_user265,123456789
test_user266,123456789
test_user267,123456789
test_user268,123456789
test_user269,123456789
test_user270,123456789
test_user271,123456789
test_user272,123456789
test_user273,123456789
test_user274,123456789
test_user275,123456789
test_user276,123456789
test_user277,123456789
test_user278,123456789
test_user279,123456789
test_user280,123456789
test_user281,123456789
test_user282,123456789
test_user283,123456789
test_user284,123456789
test_user285,123456789
test_user286,123456789
test_user287,123456789
test_user288,123456789
test_user289,123456789
test_user290,123456789
test_user291,123456789
test_user292,123456789
test_user293,123456789
test_user294,123456789
test_user295,123456789
test_user296,123456789
test_user297,123456789
test_user298,123456789
test_user299,123456789
test_user300,123456789
test_user301,123456789
test_user302,123456789
test_user303,123456789
test_user304,123456789
test_user305,123456789
test_user306,123456789
test_user307,123456789
test_user308,123456789
test_user309,123456789
test_user310,123456789
test_user311,123456789
test_user312,123456789
test_user313,123456789
test_user314,123456789
test_user315,123456789
test_user316,123456789
test_user317,123456789
test_user318,123456789
test_user319,123456789
test_user320,123456789
test_user321,123456789
test_user322,123456789
test_user323,123456789
test_user324,123456789
test_user325,123456789
test_user326,123456789
test_user327,123456789
test_user328,123456789
test_user329,123456789
test_user330,123456789
test_user331,123456789
test_user332,123456789
test_user333,123456789
test_user334,123456789
test_user335,123456789
test_user336,123456789
test_user337,123456789
test_user338,123456789
test_user339,123456789
test_user340,123456789
test_user341,123456789
test_user342,123456789
test_user343,123456789
test_user344,123456789
test_user345,123456789
test_user346,123456789
test_user347,123456789
test_user348,123456789
test_user349,123456789
test_user350,123456789
test_user351,123456789
test_user352,123456789
test_user353,123456789
test_user354,123456789
test_user355,123456789
test_user356,123456789
test_user357,123456789
test_user358,123456789
test_user359,123456789
test_user360,123456789
test_user361,123456789
test_user362,123456789
test_user363,123456789
test_user364,123456789
test_user365,123456789
test_user366,123456789
test_user367,123456789
test_user368,123456789
test_user369,123456789
test_user370,123456789
test_user371,123456789
test_user372,123456789
test_user373,123456789
test_user374,123456789
test_user375,123456789
test_user376,123456789
test_user377,123456789
test_user378,123456789
test_user379,123456789
test_user380,123456789
test_user381,123456789
test_user382,123456789
test_user383,123456789
test_user384,123456789
test_user385,123456789
test_user386,123456789
test_user387,123456789
test_user388,123456789
test_user389,123456789
test_user390,123456789
test_user391,123456789
test_user392,123456789
test_user393,123456789
test_user394,123456789
test_user395,123456789
test_user396,123456789
test_user397,123456789
test_user398,123456789
test_user399,123456789
test_user400,123456789
test_user401,123456789
test_user402,123456789
test_user403,123456789
test_user404,123456789
test_user405,123456789
test_user406,123456789
test_user407,123456789
test_user408,123456789
test_user409,123456789
test_user410,123456789
test_user411,123456789
test_user412,123456789
test_user413,123456789
test_user414,123456789
test_user415,123456789
test_user416,123456789
test_user417,123456789
test_user418,123456789
test_user419,123456789
test_user420,123456789
test_user421,123456789
test_user422,123456789
test_user423,123456789
test_user424,123456789
test_user425,123456789
test_user426,123456789
test_user427,123456789
test_user428,123456789
test_user429,123456789
test_user430,123456789
test_user431,123456789
test_user432,123456789
test_user433,123456789
test_user434,123456789
test_user435,123456789
test_user436,123456789
test_user437,123456789
test_user438,123456789
test_user439,123456789
test_user440,123456789
test_user441,123456789
test_user442,123456789
test_user443,123456789
test_user444,123456789
test_user445,123456789
test_user446,123456789
test_user447,123456789
test_user448,123456789
test_user449,123456789
test_user450,123456789
test_user451,123456789
test_user452,123456789
test_user453,123456789
test_user454,123456789
test_user455,123456789
test_user456,123456789
test_user457,123456789
test_user458,123456789
test_user459,123456789
test_user460,123456789
test_user461,123456789
test_user462,123456789
test_user463,123456789
test_user464,123456789
test_user465,123456789
test_user466,123456789
test_user467,123456789
test_user468,123456789
test_user469,123456789
test_user470,123456789
test_user471,123456789
test_user472,123456789
test_user473,123456789
test_user474,123456789
test_user475,123456789
test_user476,123456789
test_user477,123456789
test_user478,123456789
test_user479,123456789
test_user480,123456789
test_user481,123456789
test_user482,123456789
test_user483,123456789
test_user484,123456789
test_user485,123456789
test_user486,123456789
test_user487,123456789
test_user488,123456789
test_user489,123456789
test_user490,123456789
test_user491,123456789
test_user492,123456789
test_user493,123456789
test_user494,123456789
test_user495,123456789
test_user496,123456789
test_user497,123456789
test_user498,123456789
test_user499,123456789
test_user500,123456789
test_user501,123456789
test_user502,123456789
test_user503,123456789
test_user504,123456789
test_user505,123456789
test_user506,123456789
test_user507,123456789
test_user508,123456789
test_user509,123456789
test_user510,123456789
test_user511,123456789
test_user512,123456789
test_user513,123456789
test_user514,123456789
test_user515,123456789
test_user516,123456789
test_user517,123456789
test_user518,123456789
test_user519,123456789
test_user520,123456789
test_user521,123456789
test_user522,123456789
test_user523,123456789
test_user524,123456789
test_user525,123456789
test_user526,123456789
test_user527,123456789
test_user528,123456789
test_user529,123456789
test_user530,123456789
test_user531,123456789
test_user532,123456789
test_user533,123456789
test_user534,123456789
test_user535,123456789
test_user536,123456789
test_user537,123456789
test_user538,123456789
test_user539,123456789
test_user540,123456789
test_user541,123456789
test_user542,123456789
test_user543,123456789
test_user544,123456789
test_user545,123456789
test_user546,123456789
test_user547,123456789
test_user548,123456789
test_user549,123456789
test_user550,123456789
test_user551,123456789
test_user552,123456789
test_user553,123456789
test_user554,123456789
test_user555,123456789
test_user556,123456789
test_user557,123456789
test_user558,123456789
test_user559,123456789
test_user560,123456789
test_user561,123456789
test_user562,123456789
test_user563,123456789
test_user564,123456789
test_user565,123456789
test_user566,123456789
test_user567,123456789
test_user568,123456789
test_user569,123456789
test_user570,123456789
test_user571,123456789
test_user572,123456789
test_user573,123456789
test_user574,123456789
test_user575,123456789
test_user576,123456789
test_user577,123456789
test_user578,123456789
test_user579,123456789
test_user580,123456789
test_user581,123456789
test_user582,123456789
test_user583,123456789
test_user584,123456789
test_user585,123456789
test_user586,123456789
test_user587,123456789
test_user588,123456789
test_user589,123456789
test_user590,123456789
test_user591,123456789
test_user592,123456789
test_user593,123456789
test_user594,123456789
test_user595,123456789
test_user596,123456789
test_user597,123456789
test_user598,123456789
test_user599,123456789
test_user600,123456789
test_user601,123456789
test_user602,123456789
test_user603,123456789
test_user604,123456789
test_user605,123456789
test_user606,123456789
test_user607,123456789
test_user608,123456789
test_user609,123456789
test_user610,123456789
test_user611,123456789
test_user612,123456789
test_user613,123456789
test_user614,123456789
test_user615,123456789
test_user616,123456789
test_user617,123456789
test_user618,123456789
test_user619,123456789
test_user620,123456789
test_user621,123456789
test_user622,123456789
test_user623,123456789
test_user624,123456789
test_user625,123456789
test_user626,123456789
test_user627,123456789
test_user628,123456789
test_user629,123456789
test_user630,123456789
test_user631,123456789
test_user632,123456789
test_user633,123456789
test_user634,123456789
test_user635,123456789
test_user636,123456789
test_user637,123456789
test_user638,123456789
test_user639,123456789
test_user640,123456789
test_user641,123456789
test_user642,123456789
test_user643,123456789
test_user644,123456789
test_user645,123456789
test_user646,123456789
test_user647,123456789
test_user648,123456789
test_user649,123456789
test_user650,123456789
test_user651,123456789
test_user652,123456789
test_user653,123456789
test_user654,123456789
test_user655,123456789
test_user656,123456789
test_user657,123456789
test_user658,123456789
test_user659,123456789
test_user660,123456789
test_user661,123456789
test_user662,123456789
test_user663,123456789
test_user664,123456789
test_user665,123456789
test_user666,123456789
test_user667,123456789
test_user668,123456789
test_user669,123456789
test_user670,123456789
test_user671,123456789
test_user672,123456789
test_user673,123456789
test_user674,123456789
test_user675,123456789
test_user676,123456789
test_user677,123456789
test_user678,123456789
test_user679,123456789
test_user680,123456789
test_user681,123456789
test_user682,123456789
test_user683,123456789
test_user684,123456789
test_user685,123456789
test_user686,123456789
test_user687,123456789
test_user688,123456789
test_user689,123456789
test_user690,123456789
test_user691,123456789
test_user692,123456789
test_user693,123456789
test_user694,123456789
test_user695,123456789
test_user696,123456789
test_user697,123456789
test_user698,123456789
test_user699,123456789
test_user700,123456789
test_user701,123456789
test_user702,123456789
test_user703,123456789
test_user704,123456789
test_user705,123456789
test_user706,123456789
test_user707,123456789
test_user708,123456789
test_user709,123456789
test_user710,123456789
test_user711,123456789
test_user712,123456789
test_user713,123456789
test_user714,123456789
test_user715,123456789
test_user716,123456789
test_user717,123456789
test_user718,123456789
test_user719,123456789
test_user720,123456789
test_user721,123456789
test_user722,123456789
test_user723,123456789
test_user724,123456789
test_user725,123456789
test_user726,123456789
test_user727,123456789
test_user728,123456789
test_user729,123456789
test_user730,123456789
test_user731,123456789
test_user732,123456789
test_user733,123456789
test_user734,123456789
test_user735,123456789
test_user736,123456789
test_user737,123456789
test_user738,123456789
test_user739,123456789
test_user740,123456789
test_user741,123456789
test_user742,123456789
test_user743,123456789
test_user744,123456789
test_user745,123456789
test_user746,123456789
test_user747,123456789
test_user748,123456789
test_user749,123456789
test_user750,123456789
test_user751,123456789
test_user752,123456789
test_user753,123456789
test_user754,123456789
test_user755,123456789
test_user756,123456789
test_user757,123456789
test_user758,123456789
test_user759,123456789
test_user760,123456789
test_user761,123456789
test_user762,123456789
test_user763,123456789
test_user764,123456789
test_user765,123456789
test_user766,123456789
test_user767,123456789
test_user768,123456789
test_user769,123456789
test_user770,123456789
test_user771,123456789
test_user772,123456789
test_user773,123456789
test_user774,123456789
test_user775,123456789
test_user776,123456789
test_user777,123456789
test_user778,123456789
test_user779,123456789
test_user780,123456789
test_user781,123456789
test_user782,123456789
test_user783,123456789
test_user784,123456789
test_user785,123456789
test_user786,123456789
test_user787,123456789
test_user788,123456789
test_user789,123456789
test_user790,123456789
test_user791,123456789
test_user792,123456789
test_user793,123456789
test_user794,123456789
test_user795,123456789
test_user796,123456789
test_user797,123456789
test_user798,123456789
test_user799,123456789
test_user800,123456789
test_user801,123456789
test_user802,123456789
test_user803,123456789
test_user804,123456789
test_user805,123456789
test_user806,123456789
test_user807,123456789
test_user808,123456789
test_user809,123456789
test_user810,123456789
test_user811,123456789
test_user812,123456789
test_user813,123456789
test_user814,123456789
test_user815,123456789
test_user816,123456789
test_user817,123456789
test_user818,123456789
test_user819,123456789
test_user820,123456789
test_user821,123456789
test_user822,123456789
test_user823,123456789
test_user824,123456789
test_user825,123456789
test_user826,123456789
test_user827,123456789
test_user828,123456789
test_user829,123456789
test_user830,123456789
test_user831,123456789
test_user832,123456789
test_user833,123456789
test_user834,123456789
test_user835,123456789
test_user836,123456789
test_user837,123456789
test_user838,123456789
test_user839,123456789
test_user840,123456789
test_user841,123456789
test_user842,123456789
test_user843,123456789
test_user844,123456789
test_user845,123456789
test_user846,123456789
test_user847,123456789
test_user848,123456789
test_user849,123456789
test_user850,123456789
test_user851,123456789
test_user852,123456789
test_user853,123456789
test_user854,123456789
test_user855,123456789
test_user856,123456789
test_user857,123456789
test_user858,123456789
test_user859,123456789
test_user860,123456789
test_user861,123456789
test_user862,123456789
test_user863,123456789
test_user864,123456789
test_user865,123456789
test_user866,123456789
test_user867,123456789
test_user868,123456789
test_user869,123456789
test_user870,123456789
test_user871,123456789
test_user872,123456789
test_user873,123456789
test_user874,123456789
test_user875,123456789
test_user876,123456789
test_user877,123456789
test_user878,123456789
test_user879,123456789
test_user880,123456789
test_user881,123456789
test_user882,123456789
test_user883,123456789
test_user884,123456789
test_user885,123456789
test_user886,123456789
test_user887,123456789
test_user888,123456789
test_user889,123456789
test_user890,123456789
test_user891,123456789
test_user892,123456789
test_user893,123456789
test_user894,123456789
test_user895,123456789
test_user896,123456789
test_user897,123456789
test_user898,123456789
test_user899,123456789
test_user900,123456789
test_user901,123456789
test_user902,123456789
test_user903,123456789
test_user904,123456789
test_user905,123456789
test_user906,123456789
test_user907,123456789
test_user908,123456789
test_user909,123456789
test_user910,123456789
test_user911,123456789
test_user912,123456789
test_user913,123456789
test_user914,123456789
test_user915,123456789
test_user916,123456789
test_user917,123456789
test_user918,123456789
test_user919,123456789
test_user920,123456789
test_user921,123456789
test_user922,123456789
test_user923,123456789
test_user924,123456789
test_user925,123456789
test_user926,123456789
test_user927,123456789
test_user928,123456789
test_user929,123456789
test_user930,123456789
test_user931,123456789
test_user932,123456789
test_user933,123456789
test_user934,123456789
test_user935,123456789
test_user936,123456789
test_user937,123456789
test_user938,123456789
test_user939,123456789
test_user940,123456789
test_user941,123456789
test_user942,123456789
test_user943,123456789
test_user944,123456789
test_user945,123456789
test_user946,123456789
test_user947,123456789
test_user948,123456789
test_user949,123456789
test_user950,123456789
test_user951,123456789
test_user952,123456789
test_user953,123456789
test_user954,123456789
test_user955,123456789
test_user956,123456789
test_user957,123456789
test_user958,123456789
test_user959,123456789
test_user960,123456789
test_user961,123456789
test_user962,123456789
test_user963,123456789
test_user964,123456789
test_user965,123456789
test_user966,123456789
test_user967,123456789
test_user968,123456789
test_user969,123456789
test_user970,123456789
test_user971,123456789
test_user972,123456789
test_user973,123456789
test_user974,123456789
test_user975,123456789
test_user976,123456789
test_user977,123456789
test_user978,123456789
test_user979,123456789
test_user980,123456789
test_user981,123456789
test_user982,123456789
test_user983,123456789
test_user984,123456789
test_user985,123456789
test_user986,123456789
test_user987,123456789
test_user988,123456789
test_user989,123456789
test_user990,123456789
test_user991,123456789
test_user992,123456789
test_user993,123456789
test_user994,123456789
test_user995,123456789
test_user996,123456789
test_user997,123456789
test_user998,123456789
test_user999,123456789
test_user1000,123456789
